settlement_id,bank_txn_id,category,expected_match
STL39958838,BTXN3342331444,exact,true
STL41227216,BTXN9703905715,exact,true
STL10872248,BTXN7110082321,exact,true
STL23718431,BTXN5693307665,exact,true
STL15831819,BTXN8429141456,exact,true
STL84093639,BTXN1298737106,exact,true
STL23556182,BTXN6927597015,exact,true
STL99949389,BTXN3783290795,exact,true
STL95899313,BTXN1240251661,exact,true
STL18883684,BTXN2351531223,exact,true
STL29175900,BTXN2137651678,exact,true
STL39436733,BTXN3119634399,exact,true
STL66661351,BTXN3561557300,exact,true
STL84252722,BTXN9639245200,exact,true
STL96028436,BTXN2461042543,exact,true
STL77187530,BTXN4272602734,exact,true
STL30513739,BTXN4944899549,exact,true
STL51273847,BTXN2028439863,exact,true
STL81498611,BTXN4289233844,exact,true
STL38427073,BTXN3962958940,exact,true
STL68800797,BTXN2939118223,exact,true
STL88979095,BTXN1945826486,exact,true
STL14216175,BTXN8987073217,exact,true
STL38754377,BTXN3315992115,exact,true
STL35556386,BTXN1405126228,exact,true
STL17270733,BTXN1422701550,exact,true
STL28814949,BTXN2811967841,exact,true
STL69476001,BTXN1420514789,exact,true
STL63826716,BTXN4875962612,exact,true
STL71070189,BTXN6520103410,exact,true
STL87736262,BTXN9851745355,exact,true
STL17634247,BTXN1798112150,exact,true
STL26090908,BTXN3446737272,exact,true
STL44999379,BTXN8370987661,exact,true
STL71367643,BTXN1311570307,exact,true
STL27778019,BTXN9303285822,exact,true
STL31172421,BTXN3271782991,exact,true
STL45496015,BTXN3376077463,exact,true
STL37326368,BTXN8958199946,exact,true
STL22388090,BTXN8019198243,exact,true
STL95511909,BTXN9503167458,exact,true
STL30005727,BTXN3343292475,exact,true
STL27105448,BTXN5474620894,exact,true
STL57469942,BTXN4993808565,exact,true
STL65337219,BTXN1106456634,exact,true
STL45810056,BTXN4011966884,exact,true
STL56930359,BTXN1977515194,exact,true
STL19317495,BTXN6493800024,exact,true
STL33966966,BTXN9519284858,exact,true
STL68571795,BTXN3196545325,exact,true
STL10226999,BTXN6141226746,exact,true
STL93638503,BTXN4642197907,exact,true
STL35748341,BTXN9333798503,exact,true
STL83542887,BTXN4580822352,exact,true
STL72409658,BTXN7192423780,exact,true
STL98429450,BTXN5659161352,exact,true
STL51663795,BTXN1855256552,exact,true
STL71124923,BTXN8285786023,exact,true
STL24305904,BTXN8638257497,exact,true
STL16740197,BTXN3394039673,exact,true
STL69401199,BTXN7462972995,exact,true
STL70407340,BTXN8033702319,exact,true
STL20399639,BTXN8359619163,exact,true
STL28572252,BTXN1647812758,exact,true
STL65804273,BTXN1267429212,exact,true
STL87267850,BTXN6928691380,exact,true
STL82238741,BTXN6242173772,exact,true
STL55114543,BTXN8722962486,exact,true
STL93517915,BTXN3294043548,exact,true
STL21267237,BTXN8055556030,exact,true
STL38408562,BTXN7247886041,exact,true
STL43859311,BTXN4585915088,exact,true
STL40094589,BTXN3792347639,exact,true
STL12735359,BTXN3668616333,exact,true
STL72415804,BTXN8299146480,exact,true
STL31980274,BTXN9438411468,exact,true
STL20200074,BTXN2043030161,exact,true
STL56600900,BTXN7583090712,exact,true
STL11698142,BTXN8943866829,exact,true
STL30534124,BTXN2870403050,exact,true
STL53258988,BTXN4658080160,exact,true
STL86483924,BTXN6922713963,exact,true
STL38470244,BTXN6404582459,exact,true
STL21490777,BTXN7040562787,exact,true
STL49491631,BTXN6246716604,exact,true
STL73519947,BTXN6771394050,exact,true
STL51154241,BTXN2079770569,exact,true
STL35708194,BTXN7374584386,exact,true
STL11898961,BTXN5838636972,exact,true
STL23769080,BTXN4748302739,exact,true
STL34744872,BTXN5146780827,exact,true
STL76001106,BTXN9908115095,exact,true
STL21432787,BTXN5268845844,exact,true
STL80138498,BTXN6928678489,exact,true
STL50987442,BTXN9848621776,exact,true
STL31079846,BTXN2030213097,exact,true
STL89699989,BTXN7313226025,exact,true
STL19553585,BTXN3952295757,exact,true
STL67061186,BTXN1610900200,exact,true
STL68942178,BTXN5829062179,exact,true
STL68755000,BTXN9935429720,exact,true
STL46173157,BTXN3474961963,exact,true
STL34359060,BTXN8792122716,exact,true
STL53091709,BTXN3878201524,exact,true
STL48683937,BTXN5452580287,exact,true
STL79067939,BTXN9594878379,exact,true
STL93568503,BTXN8543865915,exact,true
STL83715012,BTXN6532043071,exact,true
STL31257157,BTXN9648665968,exact,true
STL71934487,BTXN5067594934,exact,true
STL65766169,BTXN8880079328,exact,true
STL61484043,BTXN5594799319,exact,true
STL10344303,BTXN5933179746,exact,true
STL71115319,BTXN9301537234,exact,true
STL41348220,BTXN2764265618,exact,true
STL76481885,BTXN5143889422,exact,true
STL12059919,BTXN4102872611,exact,true
STL93652460,BTXN8270110908,exact,true
STL52501540,BTXN3323646093,exact,true
STL40532691,BTXN4207337120,exact,true
STL13885234,BTXN5492496998,exact,true
STL29538047,BTXN1773338452,exact,true
STL76795767,BTXN1614685938,exact,true
STL48605268,BTXN1678500147,exact,true
STL71315464,BTXN8925520026,exact,true
STL87149951,BTXN8298348088,exact,true
STL91390501,BTXN8495457335,exact,true
STL39394291,BTXN3734252963,exact,true
STL94322033,BTXN5464285982,exact,true
STL22097496,BTXN9201789018,exact,true
STL81249799,BTXN6001680218,exact,true
STL25457816,BTXN1323408297,exact,true
STL45495029,BTXN3304560537,exact,true
STL88458327,BTXN2595467139,exact,true
STL91883846,BTXN9861449701,exact,true
STL25659979,BTXN1600337712,exact,true
STL23044889,BTXN3308745090,exact,true
STL88831486,BTXN9381721143,exact,true
STL41690501,BTXN8969097897,exact,true
STL18126895,BTXN7004964045,exact,true
STL16788532,BTXN8674224347,exact,true
STL88703005,BTXN4735313433,exact,true
STL82506491,BTXN1749459431,exact,true
STL89034501,BTXN2390587865,exact,true
STL80610004,BTXN5567946981,exact,true
STL98436473,BTXN7534583219,exact,true
STL67213476,BTXN3946766309,exact,true
STL91644298,BTXN1637088959,exact,true
STL61124122,BTXN7573691558,exact,true
STL97874085,BTXN6218484323,exact,true
STL65833185,BTXN4133661881,exact,true
STL30486849,BTXN3036965074,exact,true
STL27463800,BTXN3389594115,exact,true
STL16904975,BTXN9454207717,exact,true
STL30767532,BTXN8115628227,exact,true
STL47388792,BTXN3465740756,exact,true
STL91737913,BTXN2148679234,exact,true
STL57113566,BTXN1026224160,exact,true
STL29042093,BTXN5173893550,exact,true
STL70887307,BTXN2464137110,exact,true
STL17061037,BTXN1668210614,exact,true
STL75184410,BTXN7902338893,exact,true
STL56328316,BTXN2846465000,exact,true
STL11031743,BTXN6172957943,exact,true
STL48848936,BTXN2409274786,exact,true
STL61030579,BTXN2521136431,exact,true
STL52018286,BTXN7767834064,exact,true
STL25458308,BTXN2739600515,exact,true
STL58567046,BTXN5673482258,exact,true
STL80325062,BTXN5632753983,exact,true
STL32566390,BTXN9917981516,exact,true
STL57123808,BTXN4500557310,exact,true
STL90852623,BTXN1323639855,exact,true
STL85764804,BTXN2357806226,exact,true
STL46866075,BTXN3540128512,exact,true
STL59491122,BTXN8867077130,exact,true
STL92545028,BTXN6946306973,exact,true
STL53154591,BTXN7893447569,exact,true
STL56095437,BTXN9952125442,exact,true
STL68978194,BTXN3619094295,exact,true
STL55414869,BTXN2437308013,exact,true
STL43822301,BTXN4750707607,exact,true
STL51638598,BTXN2683446724,exact,true
STL27152188,BTXN3260842187,exact,true
STL55866538,BTXN3088517710,exact,true
STL78140959,BTXN9752058817,exact,true
STL68743530,BTXN5482624860,exact,true
STL70254091,BTXN6322188162,exact,true
STL86560394,BTXN9523104008,exact,true
STL91156554,BTXN2073755632,exact,true
STL79244185,BTXN4655730355,exact,true
STL78901038,BTXN2878930355,exact,true
STL41645597,BTXN5645459980,exact,true
STL29602406,BTXN1590985753,exact,true
STL70210270,BTXN3642900640,exact,true
STL83659258,BTXN2817865363,exact,true
STL42002808,BTXN2963288053,exact,true
STL29270557,BTXN6545970956,exact,true
STL35140847,BTXN9957643727,exact,true
STL62405812,BTXN9045897249,exact,true
STL12179995,BTXN5585133383,exact,true
STL96274567,BTXN8281641403,exact,true
STL14963880,BTXN2260326267,exact,true
STL82884346,BTXN7328203808,exact,true
STL98010774,BTXN6720572969,exact,true
STL61894582,BTXN6097341120,exact,true
STL21087928,BTXN8417757797,exact,true
STL83212334,BTXN6556684476,exact,true
STL69849800,BTXN2830154607,exact,true
STL92523968,BTXN9581991473,exact,true
STL58762794,BTXN1133747952,exact,true
STL58607028,BTXN3436297208,exact,true
STL69584522,BTXN4277422858,exact,true
STL97182566,BTXN2196963451,exact,true
STL79490594,BTXN3412365931,exact,true
STL36867482,BTXN1526723719,exact,true
STL21783073,BTXN9532273208,exact,true
STL50259503,BTXN4656572173,exact,true
STL26288992,BTXN5231112087,exact,true
STL58438711,BTXN6879428703,exact,true
STL51512297,BTXN3469178881,exact,true
STL27224779,BTXN5150074940,exact,true
STL56442431,BTXN5633668009,exact,true
STL77454225,BTXN3753020051,exact,true
STL85647532,BTXN4709911999,exact,true
STL97393186,BTXN7752277876,exact,true
STL96155337,BTXN9403748506,exact,true
STL49920898,BTXN2947957237,exact,true
STL72336371,BTXN6171239466,exact,true
STL56354851,BTXN9484167278,exact,true
STL45899440,BTXN2931000173,exact,true
STL43322272,BTXN4875395503,exact,true
STL35479101,BTXN4277581356,exact,true
STL13110670,BTXN2033921654,exact,true
STL90197611,BTXN7316122432,exact,true
STL45496951,BTXN8419590655,exact,true
STL86541906,BTXN3412985084,exact,true
STL93650068,BTXN1510289448,exact,true
STL84870921,BTXN9327720702,exact,true
STL77119320,BTXN1172893522,exact,true
STL79703656,BTXN2962750929,exact,true
STL31810655,BTXN8913915028,exact,true
STL85554415,BTXN6582557981,exact,true
STL65907088,BTXN7801948900,exact,true
STL16892773,BTXN7801180691,exact,true
STL14237322,BTXN4008714405,exact,true
STL65426567,BTXN3965676060,exact,true
STL28533117,BTXN3227727430,exact,true
STL52111160,BTXN5108932916,exact,true
STL91883092,BTXN3079537716,exact,true
STL49945150,BTXN8607135564,exact,true
STL74398125,BTXN6469458472,exact,true
STL48983895,BTXN5475641477,exact,true
STL74300930,BTXN1919066362,exact,true
STL42542167,BTXN9807970435,exact,true
STL23494908,BTXN1590416424,exact,true
STL74082055,BTXN3794042404,exact,true
STL97550053,BTXN3465883999,exact,true
STL33593960,BTXN8886432673,exact,true
STL15028625,BTXN5334769475,exact,true
STL28012011,BTXN7305101214,exact,true
STL34991216,BTXN9650425740,exact,true
STL67405358,BTXN7508080884,exact,true
STL74082804,BTXN2065354117,exact,true
STL54241559,BTXN5344083406,exact,true
STL72464258,BTXN2317723211,exact,true
STL74180488,BTXN5952894290,exact,true
STL82144402,BTXN4545940090,exact,true
STL80532309,BTXN8317619798,exact,true
STL86866717,BTXN3304937838,exact,true
STL37568520,BTXN3099500153,exact,true
STL85686878,BTXN9837912162,exact,true
STL10404729,BTXN4203205881,exact,true
STL82633735,BTXN5269728610,exact,true
STL28176954,BTXN7100408092,exact,true
STL60418290,BTXN9934605686,exact,true
STL80980044,BTXN5203589186,exact,true
STL83074216,BTXN1986399651,exact,true
STL14324134,BTXN1067198189,exact,true
STL90233330,BTXN4746123831,exact,true
STL17575790,BTXN9561946187,exact,true
STL41796721,BTXN6244338653,exact,true
STL94019376,BTXN8210176888,exact,true
STL80392240,BTXN7083067988,exact,true
STL42342202,BTXN4647891535,exact,true
STL85482164,BTXN3276297510,exact,true
STL70369365,BTXN8933377472,exact,true
STL46032304,BTXN1312606333,exact,true
STL50693207,BTXN1065857791,exact,true
STL42560305,BTXN4022663059,exact,true
STL51395738,BTXN6418365941,exact,true
STL52980983,BTXN4927019611,exact,true
STL29585415,BTXN5364631241,exact,true
STL40872577,BTXN4579265601,exact,true
STL96126771,BTXN8471499716,exact,true
STL28784915,BTXN3097302637,exact,true
STL99686372,BTXN5322385617,exact,true
STL39356057,BTXN7467073633,exact,true
STL98487646,BTXN3095318649,exact,true
STL81057233,BTXN8396761430,exact,true
STL34060788,BTXN1639509845,exact,true
STL20605783,BTXN7038841740,exact,true
STL20820219,BTXN4262396395,exact,true
STL17531619,BTXN3734812163,exact,true
STL96557984,BTXN8663837890,exact,true
STL46385762,BTXN9909257076,exact,true
STL34072553,BTXN2350701477,exact,true
STL20326375,BTXN2285384455,exact,true
STL82553061,BTXN6719736115,exact,true
STL23111164,BTXN2877279755,exact,true
STL53805532,BTXN9717175839,exact,true
STL67961650,BTXN2632399901,exact,true
STL62294176,BTXN6655089949,exact,true
STL58307308,BTXN8564925592,exact,true
STL84757265,BTXN2752536389,exact,true
STL61705758,BTXN5347969846,exact,true
STL86767229,BTXN3238126936,exact,true
STL46024950,BTXN3117951204,exact,true
STL74992426,BTXN4361527572,exact,true
STL89699345,BTXN3648572296,exact,true
STL54589439,BTXN8998080862,exact,true
STL50323741,BTXN6157617867,exact,true
STL94946730,BTXN6336171726,exact,true
STL25285764,BTXN8418324922,exact,true
STL64914054,BTXN8185384294,exact,true
STL60598851,BTXN5612645121,exact,true
STL82062301,BTXN4927323476,exact,true
STL85594147,BTXN8527715219,exact,true
STL78541804,BTXN6244291385,exact,true
STL56300738,BTXN5285100605,exact,true
STL25578562,BTXN4135973483,exact,true
STL79942848,BTXN7369118672,exact,true
STL52803305,BTXN5583478908,exact,true
STL32059232,BTXN4180378138,exact,true
STL72015859,BTXN1792214339,exact,true
STL70340936,BTXN7838460497,exact,true
STL18397164,BTXN3479690385,exact,true
STL25294777,BTXN8999963054,exact,true
STL88786439,BTXN5785590330,exact,true
STL27978165,BTXN2345122542,exact,true
STL78561753,BTXN6963404324,exact,true
STL75319770,BTXN5294535887,exact,true
STL52222214,BTXN8911266259,exact,true
STL28325379,BTXN8099880573,exact,true
STL32448383,BTXN9945002229,exact,true
STL82156607,BTXN2239829538,exact,true
STL83782999,BTXN3193894984,exact,true
STL82751830,BTXN8382963909,exact,true
STL49957816,BTXN5433395802,exact,true
STL25755285,BTXN2017675569,exact,true
STL37775381,BTXN4459340599,exact,true
STL53440052,BTXN6551823759,exact,true
STL28198434,BTXN8669484644,exact,true
STL27809465,BTXN2072355594,exact,true
STL75694038,BTXN8011113122,exact,true
STL64069715,BTXN6880115912,exact,true
STL71532017,BTXN8289800644,exact,true
STL67665720,BTXN4542693668,exact,true
STL83458776,BTXN3482206102,exact,true
STL12185246,BTXN4683585586,exact,true
STL27705074,BTXN2296502486,exact,true
STL21062296,BTXN1710924824,exact,true
STL10145801,BTXN6211604267,exact,true
STL11246473,BTXN9624563057,exact,true
STL40728728,BTXN2645272822,exact,true
STL28405182,BTXN4755937285,exact,true
STL91915661,BTXN3791815554,exact,true
STL65258766,BTXN1933058809,exact,true
STL57182314,BTXN9432088993,exact,true
STL84275638,BTXN9056616444,exact,true
STL76422705,BTXN2657365938,exact,true
STL58465780,BTXN9306142066,exact,true
STL59044830,BTXN1313497572,exact,true
STL18115992,BTXN8589679668,exact,true
STL47241089,BTXN5654014006,exact,true
STL81993070,BTXN6698349136,exact,true
STL17772004,BTXN2050032570,exact,true
STL51512209,BTXN1754393408,exact,true
STL76627415,BTXN9388140708,exact,true
STL25845304,BTXN5421051452,exact,true
STL87396877,BTXN3695232998,exact,true
STL86086168,BTXN6011717427,exact,true
STL40655922,BTXN1011031667,exact,true
STL30144023,BTXN9741819989,exact,true
STL52940967,BTXN9924456994,exact,true
STL34071191,BTXN2721959126,exact,true
STL53929586,BTXN9960957575,exact,true
STL93579731,BTXN6336857629,exact,true
STL83357939,BTXN2052811909,exact,true
STL54965270,BTXN8118065825,exact,true
STL66346728,BTXN5281907480,exact,true
STL79760901,BTXN9141445255,exact,true
STL95525640,BTXN8816681105,exact,true
STL41778964,BTXN6547706290,exact,true
STL52688984,BTXN7239547458,exact,true
STL30858851,BTXN1453796587,exact,true
STL37868462,BTXN7235936374,exact,true
STL50831043,BTXN1173215225,exact,true
STL63183031,BTXN3205292512,exact,true
STL64276605,BTXN8965451958,exact,true
STL26301180,BTXN1051354601,exact,true
STL59961172,BTXN9950881177,exact,true
STL18653290,BTXN8069459895,exact,true
STL26445384,BTXN2979958124,exact,true
STL13957046,BTXN2832508021,exact,true
STL69862640,BTXN4794276323,exact,true
STL76960098,BTXN7660157097,exact,true
STL36770773,BTXN8358870981,exact,true
STL62127652,BTXN2161512446,exact,true
STL17863981,BTXN1685583357,exact,true
STL39448924,BTXN6963229328,exact,true
STL89398174,BTXN9711080868,exact,true
STL85579195,BTXN5073211715,exact,true
STL15095407,BTXN1387652480,exact,true
STL92427773,BTXN5855415646,exact,true
STL17993466,BTXN1094115188,exact,true
STL19735027,BTXN5728897164,exact,true
STL95800828,BTXN9420979586,exact,true
STL39962391,BTXN4498054328,exact,true
STL33851602,BTXN4130305126,exact,true
STL95851936,BTXN3429019820,exact,true
STL41943272,BTXN2372322277,exact,true
STL69945655,BTXN5343911135,exact,true
STL24500158,BTXN4094152811,exact,true
STL65568711,BTXN6921525436,exact,true
STL31831387,BTXN2938264714,exact,true
STL19959009,BTXN2468055063,exact,true
STL55358959,BTXN5428082088,exact,true
STL37588517,BTXN5185009345,exact,true
STL22873617,BTXN5508149905,exact,true
STL67392300,BTXN5671328227,exact,true
STL95656500,BTXN5646880148,exact,true
STL75645462,BTXN2138185235,exact,true
STL35042738,BTXN2914590233,exact,true
STL85731895,BTXN1264739091,exact,true
STL89151743,BTXN7539441086,exact,true
STL50111251,BTXN5634076661,exact,true
STL26143959,BTXN2928610987,exact,true
STL37101146,BTXN3693916084,exact,true
STL21680625,BTXN4751509023,exact,true
STL24178065,BTXN7059726570,exact,true
STL29307578,BTXN2725373847,exact,true
STL46048781,BTXN9147687657,exact,true
STL47627490,BTXN8914965741,exact,true
STL50329802,BTXN8841851495,exact,true
STL75023164,BTXN9019515562,exact,true
STL51758234,BTXN2732526008,exact,true
STL17734634,BTXN2071552532,exact,true
STL46772637,BTXN4964570811,exact,true
STL33834879,BTXN7662927609,exact,true
STL48261364,BTXN5412866242,exact,true
STL39709238,BTXN3780475472,exact,true
STL11194267,BTXN4439688162,exact,true
STL66882385,BTXN9141037388,exact,true
STL50553227,BTXN1439427140,exact,true
STL18568064,BTXN6484179008,exact,true
STL17620167,BTXN7872090713,exact,true
STL97966375,BTXN6564579551,exact,true
STL88252116,BTXN6110646714,exact,true
STL78090647,BTXN3397657114,exact,true
STL85031958,BTXN1383539822,exact,true
STL54468633,BTXN6891331174,exact,true
STL17204398,BTXN5600836559,exact,true
STL81113720,BTXN6576395496,exact,true
STL64920799,BTXN9532593594,exact,true
STL75441993,BTXN5237588145,exact,true
STL87346846,BTXN4283432667,exact,true
STL64142556,BTXN7345385864,exact,true
STL11889398,BTXN9126105576,exact,true
STL40368869,BTXN6773938304,exact,true
STL32417070,BTXN5491326131,exact,true
STL68205561,BTXN5275521470,exact,true
STL64142310,BTXN1082140117,exact,true
STL26530521,BTXN5455441991,exact,true
STL97720360,BTXN4591108099,exact,true
STL26588648,BTXN7645527239,exact,true
STL50415166,BTXN7529678452,exact,true
STL78663747,BTXN5800633419,exact,true
STL80215481,BTXN5179517389,exact,true
STL37876214,BTXN7359403225,exact,true
STL87061479,BTXN8168394616,exact,true
STL96481420,BTXN6287793163,exact,true
STL15294153,BTXN8955347538,exact,true
STL16159129,BTXN3779696951,exact,true
STL22475714,BTXN2471982906,exact,true
STL61769856,BTXN1716309186,exact,true
STL23920137,BTXN7832220535,exact,true
STL92055138,BTXN5856127658,exact,true
STL16170301,BTXN5566993537,exact,true
STL99904987,BTXN9045090355,exact,true
STL74683506,BTXN2653032484,exact,true
STL76549837,BTXN4734111722,exact,true
STL78038903,BTXN8057994126,exact,true
STL21813825,BTXN8973989997,exact,true
STL23776553,BTXN7027727434,exact,true
STL91094790,BTXN8033172680,exact,true
STL58767001,BTXN4544683724,exact,true
STL98203489,BTXN2943612110,exact,true
STL83509785,BTXN7536876169,exact,true
STL28850770,BTXN2757546829,exact,true
STL38935933,BTXN4356175095,exact,true
STL94992096,BTXN3528924461,exact,true
STL76951647,BTXN9608564548,exact,true
STL78227286,BTXN4909199720,exact,true
STL77660514,BTXN9080510951,exact,true
STL70779921,BTXN4456576082,exact,true
STL83525272,BTXN8991678061,exact,true
STL56344519,BTXN8030335064,exact,true
STL88222933,BTXN8934097788,exact,true
STL29505421,BTXN9817847029,exact,true
STL48468887,BTXN8230106415,exact,true
STL58141541,BTXN8791183272,exact,true
STL41889524,BTXN8284816444,exact,true
STL84104909,BTXN1231078662,exact,true
STL40272606,BTXN8076527214,exact,true
STL70238919,BTXN3931997465,exact,true
STL84705402,BTXN2134900434,exact,true
STL15360735,BTXN8137764127,exact,true
STL34678492,BTXN3235986982,exact,true
STL56896070,BTXN6720396142,exact,true
STL85341065,BTXN1037811610,exact,true
STL15352233,BTXN6673381261,exact,true
STL13315946,BTXN7208619610,exact,true
STL78973779,BTXN1412129737,exact,true
STL66936428,BTXN4589154183,exact,true
STL54522084,BTXN1162720486,exact,true
STL87170132,BTXN4528828126,exact,true
STL68119636,BTXN2358945892,exact,true
STL19742790,BTXN3159668272,exact,true
STL61192463,BTXN3837784389,exact,true
STL83245898,BTXN3723205427,exact,true
STL26540343,BTXN1179414276,exact,true
STL38418851,BTXN3201397080,exact,true
STL36082023,BTXN1492300084,exact,true
STL19041276,BTXN2076695131,exact,true
STL97976094,BTXN2007310926,exact,true
STL88405961,BTXN7729620601,exact,true
STL52038976,BTXN7168105904,exact,true
STL74418331,BTXN7282885927,exact,true
STL47663633,BTXN3313346852,exact,true
STL88100019,BTXN7781327255,exact,true
STL97766064,BTXN4329446784,exact,true
STL27969238,BTXN3192202822,exact,true
STL92414513,BTXN3938451957,exact,true
STL74894729,BTXN9328694308,exact,true
STL45481411,BTXN2586712032,exact,true
STL62088975,BTXN1199447370,exact,true
STL45341684,BTXN3448819206,exact,true
STL79345320,BTXN6375522704,exact,true
STL74707720,BTXN9618271425,exact,true
STL38389345,BTXN1645277642,fuzzy_date,true
STL65648506,BTXN8778927211,fuzzy_date,true
STL89294612,BTXN8874242713,fuzzy_date,true
STL94495485,BTXN3201784149,fuzzy_date,true
STL90444404,BTXN3738568701,fuzzy_date,true
STL74648438,BTXN1732578761,fuzzy_date,true
STL32511225,BTXN3536590481,fuzzy_date,true
STL80157128,BTXN1413599241,fuzzy_date,true
STL80067590,BTXN7101791420,fuzzy_date,true
STL61168696,BTXN3474420092,fuzzy_date,true
STL48019408,BTXN7630274264,fuzzy_date,true
STL79761254,BTXN5325865521,fuzzy_date,true
STL24305357,BTXN5959736235,fuzzy_date,true
STL63345392,BTXN4242579642,fuzzy_date,true
STL51158280,BTXN7775960117,fuzzy_date,true
STL78228715,BTXN4035639663,fuzzy_date,true
STL73306295,BTXN2869931869,fuzzy_date,true
STL63773642,BTXN7532669066,fuzzy_date,true
STL68917831,BTXN1046000830,fuzzy_date,true
STL14840043,BTXN2545071541,fuzzy_date,true
STL57395992,BTXN8171143901,fuzzy_date,true
STL85042992,BTXN6790024996,fuzzy_date,true
STL87162674,BTXN5314945131,fuzzy_date,true
STL55629449,BTXN5067400473,fuzzy_date,true
STL60610858,BTXN7713758036,fuzzy_date,true
STL88762521,BTXN4702361794,fuzzy_date,true
STL52376656,BTXN3300607428,fuzzy_date,true
STL84430642,BTXN5000316394,fuzzy_date,true
STL35523849,BTXN1857561275,fuzzy_date,true
STL43513553,BTXN2529125930,fuzzy_date,true
STL82675403,BTXN5114549022,fuzzy_date,true
STL75874779,BTXN7490269556,fuzzy_date,true
STL74199033,BTXN9729790084,fuzzy_date,true
STL26155543,BTXN7270955446,fuzzy_date,true
STL53679307,BTXN8996550604,fuzzy_date,true
STL34684475,BTXN7437168216,fuzzy_date,true
STL47531240,BTXN2935866295,fuzzy_date,true
STL46231955,BTXN4453529865,fuzzy_date,true
STL73483243,BTXN4460319291,fuzzy_date,true
STL50269906,BTXN5499877198,fuzzy_date,true
STL70378491,BTXN8492970833,fuzzy_date,true
STL12662253,BTXN2768499634,fuzzy_date,true
STL57661928,BTXN7487309853,fuzzy_date,true
STL95977279,BTXN6744039057,fuzzy_date,true
STL56120632,BTXN6275155878,fuzzy_date,true
STL65564671,BTXN1718625803,fuzzy_date,true
STL38262427,BTXN6011842297,fuzzy_date,true
STL13538638,BTXN8606102365,fuzzy_date,true
STL97890153,BTXN6969344004,fuzzy_date,true
STL80698159,BTXN4601406440,fuzzy_date,true
STL72705646,BTXN2910594463,fuzzy_date,true
STL56596140,BTXN5679598896,fuzzy_date,true
STL10012394,BTXN5880373288,fuzzy_date,true
STL50213043,BTXN9620935604,fuzzy_date,true
STL43540489,BTXN2625035499,fuzzy_date,true
STL97034430,BTXN8768773991,fuzzy_date,true
STL24811778,BTXN8030400668,fuzzy_date,true
STL53036072,BTXN1083302600,fuzzy_date,true
STL26782477,BTXN8366710477,fuzzy_date,true
STL39150491,BTXN6763471833,fuzzy_date,true
STL20767361,BTXN5087280062,fuzzy_date,true
STL35795612,BTXN1054183126,fuzzy_date,true
STL36733470,BTXN4311402472,fuzzy_date,true
STL31288466,BTXN9771121724,fuzzy_date,true
STL58375646,BTXN4811867564,fuzzy_date,true
STL47057520,BTXN3511253899,fuzzy_date,true
STL59848284,BTXN4310547909,fuzzy_date,true
STL18022882,BTXN1461243650,fuzzy_date,true
STL35899364,BTXN9681644296,fuzzy_date,true
STL68720256,BTXN7695960480,fuzzy_date,true
STL72866875,BTXN3381646593,fuzzy_date,true
STL70945449,BTXN9670335754,fuzzy_date,true
STL98354109,BTXN8812759121,fuzzy_date,true
STL65003032,BTXN8047628706,fuzzy_date,true
STL33976493,BTXN4751622928,fuzzy_date,true
STL98304696,BTXN7830290429,fuzzy_date,true
STL38016352,BTXN8111389362,fuzzy_date,true
STL84896161,BTXN9119337640,fuzzy_date,true
STL19447334,BTXN8878930685,fuzzy_date,true
STL35920053,BTXN8152161448,fuzzy_date,true
STL98252435,BTXN6891490448,fuzzy_date,true
STL83851788,BTXN6386271785,fuzzy_date,true
STL48182550,BTXN3558781873,fuzzy_date,true
STL39781129,BTXN2352505293,fuzzy_date,true
STL15064880,BTXN7272240574,fuzzy_date,true
STL44392465,BTXN8778504632,fuzzy_date,true
STL53579429,BTXN8700464894,fuzzy_date,true
STL15015930,BTXN7770086931,fuzzy_date,true
STL26178675,BTXN9639044885,fuzzy_date,true
STL53866598,BTXN1948316671,fuzzy_date,true
STL39807828,BTXN7150116885,fuzzy_date,true
STL86697457,BTXN4201103712,fuzzy_date,true
STL28102047,BTXN6145836928,fuzzy_date,true
STL19615892,BTXN7142085555,fuzzy_date,true
STL56749089,BTXN6113114506,fuzzy_date,true
STL93642093,BTXN5921252890,fuzzy_date,true
STL25082279,BTXN4176478919,fuzzy_date,true
STL70406241,BTXN3023746966,fuzzy_date,true
STL83658696,BTXN5373945362,fuzzy_date,true
STL17124981,BTXN5059502085,fuzzy_date,true
STL12560649,BTXN2660104622,fuzzy_date,true
STL75050252,BTXN3283035614,fuzzy_date,true
STL43204410,BTXN6604621025,fuzzy_date,true
STL57698045,BTXN7980313867,fuzzy_date,true
STL13954845,BTXN9371391276,fuzzy_date,true
STL61298971,BTXN3948595172,fuzzy_date,true
STL70286467,BTXN3328876246,fuzzy_date,true
STL29482024,BTXN5973777930,fuzzy_date,true
STL52627226,BTXN9473523940,fuzzy_date,true
STL35224021,BTXN1458579821,fuzzy_date,true
STL90042177,BTXN1997216402,fuzzy_date,true
STL77420864,BTXN8084842984,fuzzy_date,true
STL14325777,BTXN5161029102,fuzzy_date,true
STL18876667,BTXN7945217063,fuzzy_date,true
STL64340297,BTXN4333816842,fuzzy_date,true
STL70614013,BTXN4769980437,fuzzy_date,true
STL35481281,BTXN6545573143,fuzzy_date,true
STL79386491,BTXN4881257367,fuzzy_date,true
STL88577462,BTXN5876105046,fuzzy_date,true
STL71026547,BTXN5682286001,fuzzy_date,true
STL21449650,BTXN5079161918,fuzzy_date,true
STL31759927,BTXN4731547225,fuzzy_date,true
STL94081078,BTXN1776083520,fuzzy_date,true
STL71557975,BTXN4467990956,fuzzy_date,true
STL65049584,BTXN2897840239,fuzzy_date,true
STL34808803,BTXN1636755414,fuzzy_date,true
STL54440977,BTXN4953022176,fuzzy_date,true
STL92019078,BTXN3414532686,fuzzy_date,true
STL50170625,BTXN6681476601,fuzzy_date,true
STL49303341,BTXN3022142957,fuzzy_date,true
STL92148463,BTXN1249900899,fuzzy_date,true
STL91717739,BTXN8936231850,fuzzy_date,true
STL76102828,BTXN4470249239,fuzzy_date,true
STL92585240,BTXN9585583837,fuzzy_date,true
STL95982334,BTXN6504544772,fuzzy_date,true
STL25278911,BTXN8240609570,fuzzy_date,true
STL36040330,BTXN8183216649,fuzzy_date,true
STL30855594,BTXN7988772877,fuzzy_date,true
STL85825317,BTXN3301610601,fuzzy_date,true
STL30039365,BTXN5428855031,fuzzy_date,true
STL35149571,BTXN3556329609,fuzzy_date,true
STL65548633,BTXN5667760951,fuzzy_date,true
STL80477785,BTXN2298447203,fuzzy_date,true
STL69562350,BTXN3173230664,fuzzy_date,true
STL74890505,BTXN7543932264,fuzzy_date,true
STL37539747,BTXN4112007191,fuzzy_date,true
STL51739205,BTXN5004358412,fuzzy_date,true
STL13017249,BTXN4831693156,fuzzy_date,true
STL25790828,BTXN2171040915,fuzzy_date,true
STL82816971,BTXN6662849574,fuzzy_date,true
STL16808353,BTXN1558663601,fuzzy_amount,true
STL34022690,BTXN6822362090,fuzzy_amount,true
STL23054418,BTXN7251686413,fuzzy_amount,true
STL58781345,BTXN2683957564,fuzzy_amount,true
STL14061983,BTXN5575708685,fuzzy_amount,true
STL91126594,BTXN3468224333,fuzzy_amount,true
STL84645170,BTXN3789372578,fuzzy_amount,true
STL93332410,BTXN7366750668,fuzzy_amount,true
STL86129797,BTXN8676510043,fuzzy_amount,true
STL25344154,BTXN7283143895,fuzzy_amount,true
STL90296988,BTXN6922377726,fuzzy_amount,true
STL29693143,BTXN3838463998,fuzzy_amount,true
STL50229795,BTXN9973421080,fuzzy_amount,true
STL18376603,BTXN1228180081,fuzzy_amount,true
STL89210454,BTXN6939036170,fuzzy_amount,true
STL35263378,BTXN7680484812,fuzzy_amount,true
STL11557295,BTXN9898081286,fuzzy_amount,true
STL21363335,BTXN8756460189,fuzzy_amount,true
STL93650995,BTXN6067191149,fuzzy_amount,true
STL34936450,BTXN9621846170,fuzzy_amount,true
STL14491176,BTXN5201480686,fuzzy_amount,true
STL29070658,BTXN6495068652,fuzzy_amount,true
STL94646134,BTXN9925293862,fuzzy_amount,true
STL66507825,BTXN6560341732,fuzzy_amount,true
STL18243352,BTXN7997790446,fuzzy_amount,true
STL48495745,BTXN3082029167,fuzzy_amount,true
STL11906295,BTXN4184414029,fuzzy_amount,true
STL59629263,BTXN4469649363,fuzzy_amount,true
STL56016278,BTXN5226555608,fuzzy_amount,true
STL65424925,BTXN8603671758,fuzzy_amount,true
STL96202825,BTXN4519858899,fuzzy_amount,true
STL60975999,BTXN6970307272,fuzzy_amount,true
STL61271721,BTXN8209074298,fuzzy_amount,true
STL91937985,BTXN8981576848,fuzzy_amount,true
STL71888947,BTXN4217320974,fuzzy_amount,true
STL11605433,BTXN2766300020,fuzzy_amount,true
STL43808923,BTXN1829270292,fuzzy_amount,true
STL90448089,BTXN3740545127,fuzzy_amount,true
STL24877375,BTXN3987809626,fuzzy_amount,true
STL47095573,BTXN8599339588,fuzzy_amount,true
STL61378412,BTXN6963950489,fuzzy_amount,true
STL19314506,BTXN4988247780,fuzzy_amount,true
STL39311339,BTXN2112380464,fuzzy_amount,true
STL12518567,BTXN9145458689,fuzzy_amount,true
STL54269149,BTXN9180270075,fuzzy_amount,true
STL68526669,BTXN9891010459,fuzzy_amount,true
STL26267678,BTXN6836509775,fuzzy_amount,true
STL59037166,BTXN9422110981,fuzzy_amount,true
STL98682228,BTXN6115319619,fuzzy_amount,true
STL21390049,BTXN1813743830,fuzzy_amount,true
STL62179495,BTXN6616661361,fuzzy_amount,true
STL64426343,BTXN1507609787,fuzzy_amount,true
STL97755782,BTXN5376842282,fuzzy_amount,true
STL94914383,BTXN4408903107,fuzzy_amount,true
STL18470495,BTXN4455101626,fuzzy_amount,true
STL53518077,BTXN3344557360,fuzzy_amount,true
STL65721070,BTXN6003663209,fuzzy_amount,true
STL31173338,BTXN3091509391,fuzzy_amount,true
STL65864403,BTXN1544998804,fuzzy_amount,true
STL90030269,BTXN5081499111,fuzzy_amount,true
STL25771632,BTXN5195287460,fuzzy_amount,true
STL72306017,BTXN3831788593,fuzzy_amount,true
STL76775311,BTXN1757305041,fuzzy_amount,true
STL54868265,BTXN2946254259,fuzzy_amount,true
STL19510600,BTXN4844335785,fuzzy_amount,true
STL40878564,BTXN4345673352,fuzzy_amount,true
STL60403103,BTXN4828384170,fuzzy_amount,true
STL39013196,BTXN2954170921,fuzzy_amount,true
STL46197787,BTXN6163456469,fuzzy_amount,true
STL72482955,BTXN7264548783,fuzzy_amount,true
STL87594146,BTXN4672214312,fuzzy_amount,true
STL72110987,BTXN2199029793,fuzzy_amount,true
STL87774748,BTXN5064122912,fuzzy_amount,true
STL67136170,BTXN7576117754,fuzzy_amount,true
STL64575354,BTXN5079935036,fuzzy_amount,true
STL74395377,BTXN8168453360,fuzzy_amount,true
STL34822996,BTXN3720442203,fuzzy_amount,true
STL67163632,BTXN8528596672,fuzzy_amount,true
STL79086760,BTXN8192579713,fuzzy_amount,true
STL59066128,BTXN2573817755,fuzzy_amount,true
STL42028739,BTXN3317709657,fuzzy_amount,true
STL40257672,BTXN6671348907,fuzzy_amount,true
STL60038218,BTXN6777704180,fuzzy_amount,true
STL70663511,BTXN7961932703,fuzzy_amount,true
STL33999716,BTXN5108681386,fuzzy_amount,true
STL37414797,BTXN3694130765,fuzzy_amount,true
STL56533319,BTXN7099411776,fuzzy_amount,true
STL79742280,BTXN8063812593,fuzzy_amount,true
STL71472671,BTXN8685192265,fuzzy_amount,true
STL29909634,BTXN6811610014,fuzzy_amount,true
STL31643241,BTXN2021795614,fuzzy_amount,true
STL99329049,BTXN2476811694,fuzzy_amount,true
STL13345404,BTXN2375325559,fuzzy_amount,true
STL85864089,BTXN9256181725,fuzzy_amount,true
STL92882398,BTXN4611538856,fuzzy_amount,true
STL88306842,BTXN3261016130,fuzzy_amount,true
STL21727533,BTXN2694036518,fuzzy_amount,true
STL63359331,BTXN8962027840,fuzzy_amount,true
STL69804203,BTXN1376233267,fuzzy_amount,true
STL65592149,BTXN1369702097,fuzzy_amount,true
STL89279578,BTXN8542452431,llm_reasoned,true
STL84600071,BTXN4929345815,llm_reasoned,true
STL88545322,BTXN6600269620,llm_reasoned,true
STL95973864,BTXN3029548895,llm_reasoned,true
STL42849824,BTXN1122159993,llm_reasoned,true
STL58554539,BTXN7790625760,llm_reasoned,true
STL60090353,BTXN3470738735,llm_reasoned,true
STL28186152,BTXN2534958893,llm_reasoned,true
STL48903840,BTXN9919902664,llm_reasoned,true
STL52441045,BTXN6588063032,llm_reasoned,true
STL28381043,BTXN7520493715,llm_reasoned,true
STL30744009,BTXN3162013062,llm_reasoned,true
STL83969111,BTXN4447056094,llm_reasoned,true
STL56735943,BTXN2557220130,llm_reasoned,true
STL50894029,BTXN9713455851,llm_reasoned,true
STL40410305,BTXN2320394595,llm_reasoned,true
STL12524153,BTXN8622245437,llm_reasoned,true
STL89614758,BTXN5549509559,llm_reasoned,true
STL90771151,BTXN4870516577,llm_reasoned,true
STL56685830,BTXN2512701547,llm_reasoned,true
STL80979534,BTXN2210565696,llm_reasoned,true
STL73715236,BTXN3531370274,llm_reasoned,true
STL79021601,BTXN6272305209,llm_reasoned,true
STL58486215,BTXN8321763524,llm_reasoned,true
STL90582915,BTXN8456812371,llm_reasoned,true
STL19342782,BTXN8741405405,llm_reasoned,true
STL63199848,BTXN1365097623,llm_reasoned,true
STL18685284,BTXN6150036816,llm_reasoned,true
STL88103795,BTXN7844674517,llm_reasoned,true
STL78640894,BTXN2197826153,llm_reasoned,true
STL94338531,BTXN5047590087,llm_reasoned,true
STL34037816,BTXN8212127816,llm_reasoned,true
STL76060289,BTXN8699722790,llm_reasoned,true
STL82548572,BTXN3347715190,llm_reasoned,true
STL71694016,BTXN1154537730,llm_reasoned,true
STL62221499,BTXN8194175806,llm_reasoned,true
STL62530781,BTXN6426222971,llm_reasoned,true
STL27206452,BTXN8889572098,llm_reasoned,true
STL17576489,BTXN3840004195,llm_reasoned,true
STL50924657,BTXN5786617777,llm_reasoned,true
STL79089893,BTXN9166493111,llm_reasoned,true
STL62385285,BTXN3097484316,llm_reasoned,true
STL32364326,BTXN7935632899,llm_reasoned,true
STL38733345,BTXN6529150040,llm_reasoned,true
STL87603784,BTXN9996812354,llm_reasoned,true
STL38150713,BTXN9919193627,llm_reasoned,true
STL65608317,BTXN7022836757,llm_reasoned,true
STL98691908,BTXN7301985407,llm_reasoned,true
STL50302318,BTXN8920443666,llm_reasoned,true
STL48526473,BTXN3774732090,llm_reasoned,true
STL42962076,BTXN6628728894,llm_reasoned,true
STL46602780,BTXN1585965093,llm_reasoned,true
STL75208604,BTXN4359668379,llm_reasoned,true
STL58779318,BTXN4804135649,llm_reasoned,true
STL80055957,BTXN7550942419,llm_reasoned,true
STL62338292,BTXN4195279456,llm_reasoned,true
STL68985391,BTXN7048926971,llm_reasoned,true
STL66878965,BTXN5917357577,llm_reasoned,true
STL42168745,BTXN6947199197,llm_reasoned,true
STL11055770,BTXN6392476150,llm_reasoned,true
STL52571763,BTXN5440488015,llm_reasoned,true
STL66689004,BTXN4522909617,llm_reasoned,true
STL83514771,BTXN8463731970,llm_reasoned,true
STL10412827,BTXN2720829540,llm_reasoned,true
STL79305456,BTXN9329737841,llm_reasoned,true
STL47822197,BTXN1853254184,llm_reasoned,true
STL12782955,BTXN5072098082,llm_reasoned,true
STL32650041,BTXN5508783501,llm_reasoned,true
STL25750520,BTXN9650557648,llm_reasoned,true
STL37265709,BTXN8654155479,llm_reasoned,true
STL47979220,BTXN6108275915,llm_reasoned,true
STL70529066,BTXN4896945119,llm_reasoned,true
STL63358890,BTXN3950008807,llm_reasoned,true
STL84759271,BTXN1252339280,llm_reasoned,true
STL16108500,BTXN5317992556,llm_reasoned,true
STL87911634,BTXN6065365127,llm_reasoned,true
STL44951103,BTXN5796800114,llm_reasoned,true
STL45328305,BTXN6639336381,llm_reasoned,true
STL98237348,BTXN2889740931,llm_reasoned,true
STL31951974,BTXN8327054707,llm_reasoned,true
STL75122376,BTXN7261030270,llm_reasoned,true
STL32588172,BTXN8827886095,llm_reasoned,true
STL22657432,BTXN9106182535,llm_reasoned,true
STL53424580,BTXN1660460633,llm_reasoned,true
STL98316111,BTXN5319901125,llm_reasoned,true
STL86391152,BTXN1555426027,llm_reasoned,true
STL83438064,BTXN2638061586,llm_reasoned,true
STL12753078,BTXN4660797484,llm_reasoned,true
STL26186924,BTXN6577215453,llm_reasoned,true
STL99324622,BTXN6153407834,llm_reasoned,true
STL59423803,BTXN3636542070,llm_reasoned,true
STL96920825,BTXN3253473926,llm_reasoned,true
STL29945631,BTXN5227047686,llm_reasoned,true
STL24446145,BTXN7488199149,llm_reasoned,true
STL44206757,BTXN3514994916,llm_reasoned,true
STL16074522,BTXN5652697543,llm_reasoned,true
STL45577682,BTXN4478949331,llm_reasoned,true
STL24271459,BTXN1076945301,llm_reasoned,true
STL64370473,BTXN7385424494,llm_reasoned,true
STL35262608,BTXN4689428580,llm_reasoned,true
STL38082305,,settlement_only_exception,false
STL21555280,,settlement_only_exception,false
STL32294301,,settlement_only_exception,false
STL73282209,,settlement_only_exception,false
STL16834659,,settlement_only_exception,false
STL65792417,,settlement_only_exception,false
STL14968366,,settlement_only_exception,false
STL41125867,,settlement_only_exception,false
STL84256721,,settlement_only_exception,false
STL25695520,,settlement_only_exception,false
STL48656152,,settlement_only_exception,false
STL78133743,,settlement_only_exception,false
STL65950146,,settlement_only_exception,false
STL93462271,,settlement_only_exception,false
STL27327046,,settlement_only_exception,false
STL65832475,,settlement_only_exception,false
STL12433447,,settlement_only_exception,false
STL18545050,,settlement_only_exception,false
STL85427873,,settlement_only_exception,false
STL16264794,,settlement_only_exception,false
STL16767531,,settlement_only_exception,false
STL32420574,,settlement_only_exception,false
STL31076551,,settlement_only_exception,false
STL23327047,,settlement_only_exception,false
STL68936139,,settlement_only_exception,false
STL73574016,,settlement_only_exception,false
STL59987561,,settlement_only_exception,false
STL81088456,,settlement_only_exception,false
STL71572793,,settlement_only_exception,false
STL11335293,,settlement_only_exception,false
STL68260195,,settlement_only_exception,false
STL87115770,,settlement_only_exception,false
STL52103461,,settlement_only_exception,false
STL64215650,,settlement_only_exception,false
STL36480587,,settlement_only_exception,false
STL62344046,,settlement_only_exception,false
STL79972515,,settlement_only_exception,false
STL42392076,,settlement_only_exception,false
STL44863921,,settlement_only_exception,false
STL70228445,,settlement_only_exception,false
STL57021454,,settlement_only_exception,false
STL60689435,,settlement_only_exception,false
STL58488507,,settlement_only_exception,false
STL20998762,,settlement_only_exception,false
STL38827874,,settlement_only_exception,false
STL88952163,,settlement_only_exception,false
STL95424369,,settlement_only_exception,false
STL75063976,,settlement_only_exception,false
STL38540398,,settlement_only_exception,false
STL25940510,,settlement_only_exception,false
STL15406577,,settlement_only_exception,false
STL50702879,,settlement_only_exception,false
STL89138026,,settlement_only_exception,false
STL38934853,,settlement_only_exception,false
STL19068358,,settlement_only_exception,false
STL85935555,,settlement_only_exception,false
STL28592146,,settlement_only_exception,false
STL93855267,,settlement_only_exception,false
STL82611046,,settlement_only_exception,false
STL85302098,,settlement_only_exception,false
STL93041052,,settlement_only_exception,false
STL73865585,,settlement_only_exception,false
STL12546591,,settlement_only_exception,false
STL21361254,,settlement_only_exception,false
STL13122340,,settlement_only_exception,false
STL61272646,,settlement_only_exception,false
STL48299260,,settlement_only_exception,false
STL51177222,,settlement_only_exception,false
STL34354859,,settlement_only_exception,false
STL52955238,,settlement_only_exception,false
STL26235817,,settlement_only_exception,false
STL76166580,,settlement_only_exception,false
STL52726394,,settlement_only_exception,false
STL12499514,,settlement_only_exception,false
STL50884443,,settlement_only_exception,false
STL29108179,,settlement_only_exception,false
STL84511273,,settlement_only_exception,false
STL97652074,,settlement_only_exception,false
STL46682099,,settlement_only_exception,false
STL94853379,,settlement_only_exception,false
STL50350996,,settlement_only_exception,false
STL84689357,,settlement_only_exception,false
STL55987725,,settlement_only_exception,false
STL46643203,,settlement_only_exception,false
STL12130654,,settlement_only_exception,false
STL33291610,,settlement_only_exception,false
STL97120361,,settlement_only_exception,false
STL26564560,,settlement_only_exception,false
STL33781587,,settlement_only_exception,false
STL69670203,,settlement_only_exception,false
STL58025924,,settlement_only_exception,false
STL39681939,,settlement_only_exception,false
STL10957697,,settlement_only_exception,false
STL32881048,,settlement_only_exception,false
STL18772554,,settlement_only_exception,false
STL86491124,,settlement_only_exception,false
STL35749878,,settlement_only_exception,false
STL10262390,,settlement_only_exception,false
STL53352227,,settlement_only_exception,false
STL76514912,,settlement_only_exception,false
,BTXN7222812754,bank_only_exception,false
,BTXN4468928756,bank_only_exception,false
,BTXN6001410275,bank_only_exception,false
,BTXN9693114876,bank_only_exception,false
,BTXN4575635519,bank_only_exception,false
,BTXN1536125194,bank_only_exception,false
